RECIPE NAME,INGREDIENTS,COOKING TIME (MINUTES),ENERGY/DIFFICULTY (1-5),COST ESTIMATE ($-$$$),MEAL TYPE,PRIMARY NUTRIENTS,SOURCE,IMAGE
rainbow quinoa taco salad / creamy sunflower seed dressing,quinoa    water    salt    lettuce    black beans    corn    avocados    red onion    tomato    cilantro leaves    limes    corn chips / sunflower seeds    acv    hot sauce    nooch    garlic powder    onion powder    black pepper,40,2.5,$,meal    meal prep    salad    gf,carb    vegetable,https://www.hotforfoodblog.com/recipes/2015/05/04/rainbow-quinoa-taco-salad/,https://www.hotforfoodblog.com/wp-content/uploads/2015/05/rainbowquinoatacosalad_hotforfoodblog_filtered5-1536x1024.jpg
mushroom sage cauliflower risotto,cauliflower    coconut oil    shallot    cloves    mushrooms    white wine    nooch    vegetable stock    salt    black pepper    miso paste    sage    vegan parmesan ,45,3,$$,meal    meal prep    gf,vegetable,https://www.hotforfoodblog.com/recipes/2014/08/07/mushroom-sage-cauliflower-risotto/,https://www.hotforfoodblog.com/wp-content/uploads/2014/08/cauliflowerrisotto_hotforfood_SMALL_filtered-1383x1536.jpg
vegan sheet pan beef burritos / adobo sour cream / pico de gallo,soy curls    water from soaking soy curls    acv    chipotle chili powder    oregano    cumin    garlic powder    all-spice    mustard powder    salt    black pepper    vegan beef bullion    oil    cauliflower    lime    cilantro    green onion    roy bell peppers    red onion    frozen corn    tortillas    vegan cheddar shreds    avocado / vegan sour cream    canned adobo chilis    lime juice    garlic powder / vine tomatoes    jalapeño    red onion    garlic cloves    lime    salt    chipoltle chili powder    cumin    cilantro,65,3.5,$$,meal    bowl    gf,protien,https://www.hotforfoodblog.com/recipes/2019/04/24/vegan-sheet-pan-beef-burritos/,https://www.hotforfoodblog.com/wp-content/uploads/2019/04/vegansheetpanburrito_hotforfood_filtered2-1536x1024.jpg
vegan scalloped potatoes recipe,russet potatoes    onion    vegan butter    cashews    hot water    vegan chicken boullion    white wine vinegar    nooch    salt    black pepper    garlic cloves    fresh thyme,95,4,$,side,carb,https://www.hotforfoodblog.com/recipes/appetizers/2023/11/08/vegan-caramelized-onion-scalloped-potatoes/#vegan-scalloped-potatoes-recipe,https://www.hotforfoodblog.com/wp-content/uploads/2023/11/caramelized-onion-scalloped-potatoes_hot-for-food_filtered1-360x360.jpg
vegan pineapple coconut rice / sweet & sour tofu,whole pineapple    white rice    frozen peas    full-fat coconut milk    water    salt    red bell pepper    soy sauce    lime    chili paste    oil    broccoli florets    carrot    cashews    green onions / extra-firm tofu    cornstarch    water    oil    garlic cloves    fresh ginger    chili flakes    rice vinegar    sweetener    water    tomato paste    soy sauce    salt,50,4,$$,meal    meal prep    bowl    gf,carb    protien,https://www.hotforfoodblog.com/recipes/2019/05/01/sheet-pan-pineapple-coconut-rice-with-sweet-sour-tofu/,https://www.hotforfoodblog.com/wp-content/uploads/2019/04/pineapplecoconutrice_hotforfood_filtered7-1536x1024.jpg
roasted cauliflower alfredo sauce,cauliflower    oil    thyme    garlic powder    smoked paprika    black pepper    noodles    pasta water    nondairy milk    lemon juice    white miso    tahini    onion powder    garlic cloves    salt    black pepper    fresh parsley,55,2,$,meal    meal prep    pasta    gf,carb,https://www.hotforfoodblog.com/recipes/sauces/2020/06/24/roasted-cauliflower-alfredo/#recipe,https://www.hotforfoodblog.com/wp-content/uploads/2020/06/caulifloweralfredo_hotforfood_filtered1-360x360.jpg
breakfast hash bowl,potatoes    oil    paprika    black pepper    firm tofu    mushrooms    turmeric    nooch    nondairy milk    black pepper    spinich    salsa,40,2.5,$,breakfast    meal    bowl    gf,carb    protien,https://www.hotforfoodblog.com/recipes/2015/04/23/breakfast-hash-bowl/#recipe,https://www.hotforfoodblog.com/wp-content/uploads/2015/04/easybreakfasthashbowl_hotforfoodblog_filtered1-360x360.jpg
vegan banana breakfast muffins,nondairy milk    acv    bananas    flour    baking powder    baking soda    cinnamon    salt    sugar    vanilla extract    walnuts,35,2,$,breakfast    snack    dessert,carb,https://www.hotforfoodblog.com/recipes/2019/08/31/vegan-banana-breakfast-muffins/#recipe,https://www.hotforfoodblog.com/wp-content/uploads/2019/08/banana-breakfast-muffins_hotforfood_filtered3-360x360.jpg
vegan coffee cake,ap flour    whole wheat flour    cinnamon    baking soda    baking powder    salt    brown sugar    granulated sugar    coconut oil    nondairy milk    acv    vanilla extract    coffee    unsweetened nondairy yogurt,95,2.5,$$,breakfast    dessert,carb,https://www.hotforfoodblog.com/recipes/2016/08/08/vegan-coffee-cake/,https://www.hotforfoodblog.com/wp-content/uploads/2016/08/vegancoffeecake_hotforfood_filtered4-840x560.jpg
vegan omelette,medium firm tofu    unsweet nondairy milk    nooch    chickpea flour    tapioca starch    turmeric    garlic powder    onion powder    old bay seasoning    salt    black pepper    vegan butter    mushrooms    oil    onions    vegan cheddar shreds,25,3,$$$,breakfast    meal    special occasion    gf,protien,https://www.hotforfoodblog.com/recipes/2016/07/11/how-to-make-a-vegan-omelette/,https://www.hotforfoodblog.com/wp-content/uploads/2016/07/veganomelette_hotforfood_filtered1-1536x1024.jpg
vegan latkes with sauerkraut / lemon dill sour cream,russet potatoes    white onion    sauerkraut    ground flax    water    matzo meal    fresh dill    salt    black pepper    garlic powder    oil / cashews    lemons    nondairy milk    acv    onion powder    garlic powder    salt    white pepper    fresh dill    garlic cloves    green onions,100,4,$$$,breakfast    meal    snack    special occasion    gf,carb,https://www.hotforfoodblog.com/recipes/breakfast/2018/11/27/potato-sauerkraut-latkes-with-lemon-dill-sour-cream/#recipe,https://www.hotforfoodblog.com/wp-content/uploads/2019/01/veganlatkes_hotforfood_filtered1-e1702073234990-360x360.jpg
Easy Mediterranean-Inspired Nourish Bowl,eggplant    oil    salt    chickpeas    rice    tomatoes    cucumber    bell pepper    parsley    lemons    tahini,40,2.5,$,meal    meal prep    bowl    gf,carb    protien    vegetable,https://minimalistbaker.com/easy-mediterranean-inspired-nourish-bowls/#wprm-recipe-container-113325,https://minimalistbaker.com/wp-content/uploads/2023/05/Mediterranean-Eggplant-Nourish-Bowl-8.jpg
The Ultimate Vegan Burrito (Crunchwrap-Inspired!),firm tofu    taco seasoning    water    lettuce    tomatoes    tortillas    cheese replacement    avocado    lime    salt,30,3,$$,meal,carb    protien    vegetable,https://minimalistbaker.com/the-ultimate-vegan-burrito-crunchwrap-inspired/#wprm-recipe-container-111013,https://minimalistbaker.com/wp-content/uploads/2023/04/The-Ultimate-Vegan-Burrito-13.jpg
Creamy Vegan White Bean Queso,jalapeños    garlic cloves    oil     cannellini beans    nooch    smoked paprika    cumin    salt    nut butter,30,3,$,meal    snack    gf,protien,https://minimalistbaker.com/creamy-vegan-white-bean-queso/#wprm-recipe-container-109048,https://minimalistbaker.com/wp-content/uploads/2023/02/Creamy-Vegan-White-Bean-Queso-9.jpg
Italian Lentil Soup (Zuppa di Lenticchie),oil    onion    carrot    celery    garlic cloves    salt    black pepper    red pepper flakes    lentils    water    parsely,40,2,$,meal    meal prep    soup    gf,vegetable,https://minimalistbaker.com/italian-lentil-soup-zuppa-di-lenticchie/#wprm-recipe-container-125368,https://minimalistbaker.com/wp-content/uploads/2023/12/Italian-Lentil-Soup-Zuppa-Di-Lenticchie-8.jpg
Creamy Vegan White Bean Chili,water    cashews    oil    onion    garlic cloves    cumin    salt    black pepper    cayenne    green chilles    white beans    corn    spinich,30,2.5,$$,meal    meal prep    soup    gf,vegetable,https://minimalistbaker.com/creamy-vegan-white-bean-chili/#wprm-recipe-container-124833,https://minimalistbaker.com/wp-content/uploads/2023/12/Creamy-Vegan-White-Bean-Chili-7-SQUARE-300x300.jpg
Easy Vegan Lasagna,oil    tempeh    coconut aminos    marinara sauce    macademia nuts    lemons    nooch    garlic powder    salt    water    lasagna noodles    vegan cheese    fresh herbs,70,3.5,$$$,meal    meal prep    pasta    special occasion,carb    protien,https://minimalistbaker.com/easy-vegan-lasagna/#wprm-recipe-container-41196,https://minimalistbaker.com/wp-content/uploads/2019/02/AMAZING-Easy-Vegan-Lasagna-10-ingredients-BIG-flavor-simple-methods-SO-delicious-vegan-glutenfree-recipe-lasagna-minimalistbaker-16.jpg
20-Minute Tofu Stir-Fry,rice    firm tofu    coconut aminos    oil    peanut butter    tamari    lime    maple syrup    garlic    mushrooms    red cabbage    bell pepper    garlic cloves    ginger    green onion    lime    cilantro    peanuts,20,2.5,$$,meal    meal prep    gf,carb    protien,https://minimalistbaker.com/20-minute-tofu-stir-fry/#wprm-recipe-container-41599,https://minimalistbaker.com/wp-content/uploads/2019/01/AMAZING-20-Minute-Tofu-Stir-Fry-The-perfect-quick-lunch-meal-or-easy-dinner.-Simple-ingredients-BIG-flavor-SO-satisfying-grainfree-tofu-stirfry-recipe-plantbased-glutenfree-minimalistbaker-11.jpg
Easy Vegan Paella (1 Pan!),saffron    lemons    oil    bell pepper    onion    garlic cloves    smoked paprika    salt    rice    veggie broth    tomatoes    peas    artichoke hearts    vegan protien,45,2,$$,meal    meal prep    gf,carb    protien    vegetable,https://minimalistbaker.com/easy-vegan-paella-1-pan/#wprm-recipe-container-79958,https://minimalistbaker.com/wp-content/uploads/2021/04/Vegan-Paella-SQUARE-300x300.jpg
Creamy Vegan Mushroom Stroganoff,cshews    water    mushrooms    vegan butter    onion    salt    black pepper    garlic cloves    fresh thyme    cornstarch    dijon mustard    water    noodles    chives    pasta,60,3,$$,meal    meal prep    pasta,carb    protien    vegetable,https://minimalistbaker.com/creamy-vegan-mushroom-stroganoff-gf-optional/#wprm-recipe-container-86812,https://minimalistbaker.com/wp-content/uploads/2021/09/CREAMY-Vegan-Mushroom-Stroganoff-SO-comforting-gluten-free-optional-and-just-10-ingredients-minimalistbaker-recipe-plantbased-stroganoff-mushrooms-pasta-5.jpg
Easy Vegan Stuffed Shells,pasta shells    cashews    nooch    lemons    garlic cloves    salt    water    spinich    extra-firm tofu    marinara sauce    fresh basil    vegan cheese,60,2.5,$$,meal    meal prep    pasta,carb    protien,https://minimalistbaker.com/easy-vegan-stuffed-shells/#wprm-recipe-container-98844,https://minimalistbaker.com/wp-content/uploads/2022/08/VEGAN-Stuffed-Shells-9-ingredients-rich-saucy-SO-satisfying-and-protein-rich-minimalistbaker-recipe-plantbased-stuffedshells-pasta-8.jpg
Crispy Baked Pesto Tofu (5 Ingredients!),extra-firm tofu    vegan pesto    oil    salt    garlic powder,40,1.5,$,meal    meal prep    snack    gf,protien,https://minimalistbaker.com/crispy-baked-pesto-tofu/#wprm-recipe-container-104384,https://minimalistbaker.com/wp-content/uploads/2022/11/Pesto-tofu-4.jpg
Chickpea Ratatouille,oil    bell peppers    onion    cloves    tomato    eggplant    zucchini    thyme    fresh basil    salt    black pepper    red pepper flakes    chickpeas,70,3,$,meal    meal prep    gf,protien    vegetable,https://simple-veganista.com/chickpea-ratatouille-nicoise/#tasty-recipes-8822-jump-target,https://simple-veganista.com/wp-content/uploads/2013/10/chickpea-ratatouille-11.jpg
Grilled Hummus Sandwich + Caramelized Onion,onion    oil    tomato    arugula    hummus    salt    black pepper    bread    onion    bread,20,2,$$,meal    sandwich,carb    protien    vegetable,https://simple-veganista.com/grilled-hummus-sandwich-sauteed/#tasty-recipes-8798-jump-target,https://simple-veganista.com/wp-content/uploads/2014/01/best-grilled-hummus-sandwich-8.jpg
Coconut Ginger Banana Ice Cream,bananas    coconut milk    maple syrup    ginger    non-dairy milk    vanilla extract,5,1.5,$$,dessert    gf,fruit    protien,https://simple-veganista.com/banana-coconut-ginger-ice-cream/#tasty-recipes-8754-jump-target,https://simple-veganista.com/wp-content/uploads/2014/07/coconut-ginger-banana-ice-cream.jpg
Toasted Tofu + Avocado Sandwich,extra-firm tofu    oil    garlic powder    salt    black pepper    onions    tomatoes    avocadoes    bread    lettuce    mustard    vegan mayo,20,2,$$,meal    sandwich,carb    protien    vegetable,https://simple-veganista.com/avocado-tofu-sandwich-caramelized-onions/#tasty-recipes-8688-jump-target,https://simple-veganista.com/wp-content/uploads/2015/05/best-avocado-tofu-sandwich-8.jpg
Golden Tofu Coconut Curry,rice    water    veggie broth    onion    garlic cloves    ginger    sweet potato    bell pepper    mushrooms    curry powder    turmeric    tofu    coconut milk    lime    greens    salt    cilantro,30,2.5,$$,meal    meal prep    curry    gf,carb    protien    vegetable,https://simple-veganista.com/golden-tofu-curry-black-rice/#tasty-recipes-8483-jump-target,https://simple-veganista.com/wp-content/uploads/2016/02/best-tofu-coconut-curry-recipe-3.jpg
A Very Good Vegan Split Pea Soup,split peas    carrots    celery    onion    garlic cloves    cabbage    thyme    oregano    bay leaves    vegan worcestershire sauce    veggie broth    salt    black pepper,40,2,$,meal    snack    meal prep    soup    gf,vegetable,https://simple-veganista.com/split-pea-soup/#tasty-recipes-8387-jump-target,https://simple-veganista.com/wp-content/uploads/2017/01/best-vegan-split-pea-soup-recipe_2.jpg
Chocolate Chia Pudding,non-dairy milk    chia seeds    coco/cocoa powder    vanilla extract    maple syrup    salt,240,1,$,meal    meal prep    snack    breakfast    dessert    gf,protien,https://simple-veganista.com/chocolate-chia-pudding/#tasty-recipes-8369-jump-target,https://simple-veganista.com/wp-content/uploads/2017/04/chocolate-chia-pudding-1.jpg
Healthy Skillet Cinnamon Apples,apples    vegan butter    sugar    vanilla extract    vanilla    cornstarch    water    nutmeg    ginger,20,2,$,dessert    gf,fruit,https://simple-veganista.com/healthy-skillet-cinnamon-apples/#tasty-recipes-11463-jump-target,https://simple-veganista.com/wp-content/uploads/2018/12/best-spiced-cinnamon-apples.jpg
1 Bowl Vegan Peanut Butter Cookies,peanut butter    sugar    non-dairy milk    vanilla extract    flour    baking soda    salt,25,2,$,dessert,carb    protien,https://simple-veganista.com/vegan-peanut-butter-cookies/#tasty-recipes-25652-jump-target,https://simple-veganista.com/wp-content/uploads/2019/08/vegan-peanut-butter-cookies_3.jpg
Vegan Spinach Artichoke Dip,cashews    nooch    garlic powder    onion powder    salt    black pepper    lemon    non-dairy milk    artichoke hearts    spinich,35,3,$$,snack    side    gf,vegetable,https://simple-veganista.com/vegan-spinach-artichoke-dip/#tasty-recipes-31158-jump-target,https://simple-veganista.com/wp-content/uploads/2019/12/best-vegan-spinach-artichoke-dip-recipe_.jpg
Quinoa Spanish Rice,oil    onion    bell pepper    quinoa    garlic cloves    tomato paste    veggie broth    garlic powder    onion powder    oregano    salt    black pepper    cilantro,30,2,$$,meal    meal prep    gf,carb    protien,https://simple-veganista.com/quinoa-spanish-rice/#tasty-recipes-38599-jump-target,https://simple-veganista.com/wp-content/uploads/2020/05/best-quinoa-spanish-rice-4-1.jpg
Vegan Overnight Oats (Healthy + No-Cook),oats    flaxseeds    chia seeds    non-dairy milk    non-dairy yogurt    maple syrup,365,1.5,$,meal prep    breakfast,carb    protien,https://simple-veganista.com/healthy-overnight-oats/#tasty-recipes-48324-jump-target,https://simple-veganista.com/wp-content/uploads/2021/04/healthy-overnight-oats-recipe-9.jpg
Hearty Vegan Lentil Soup (1 Pot),oil    lentils    onion    carrots    celery    garlic cloves    green beans    tomatoes    potatoes    paprika    cumin    curry powder    veggie broth    spinich    lemon    parsley    salt    black pepper,55,2.5,$,meal    meal prep    soup    gf,vegetable    protien,https://simple-veganista.com/hearty-lentil-soup/#tasty-recipes-29555-jump-target,https://simple-veganista.com/wp-content/uploads/2019/10/vegan-lentil-soup-recipe-1.jpg
Tomato Tortellini Soup,oil    onion    garlic cloves    oregano    red pepper flakes    tomatos    veggie broth    cornstarch    non-dairy milk    tortellini    spinich    salt    black pepper    fresh basil,35,3,$$,meal    meal prep    soup    pasta special occasion,vegetable    carb,https://simple-veganista.com/tomato-tortellini-soup/#tasty-recipes-88014-jump-target,https://simple-veganista.com/wp-content/uploads/2024/05/best-tomato-tortellini-soup-recipe-top.jpg
Creamy Tomato Tofu Pasta,oil    onion    garlic cloves    marinara sauce    fresh basil    oregano    silken tofu    pasta,20,2,$,meal    meal prep    pasta,carb,https://plantbasedonabudget.com/creamy-tomato-tofu-pasta-sauce/#wprm-recipe-container-63696,https://plantbasedonabudget.com/wp-content/uploads/2023/12/Tofu-Pasta-Sauce-Plant-Based-on-a-Budget-9.jpg
Corn Chowder,oil    onion    garlic cloves    bell pepper    jalapeño    celery    potatoes    corn    veggie broth    salt    non-dairy milk    black pepper    green onion,45,2.5,$,meal    meal prep    soup    gf,vegetable,https://plantbasedonabudget.com/creamy-corn-chowder/#wprm-recipe-container-13113,https://plantbasedonabudget.com/wp-content/uploads/2023/08/Corn-Chowder-11.jpg
Easy Vegan Banana Cake,acv    non-dairy milk    flour    sugar    salt    baking powder    baking soda    vanilla extract    bananas    oil    vegan buttercream,70,2.5,$,dessert,carb    fruit,https://plantbasedonabudget.com/easy-vegan-banana-cake/#wprm-recipe-container-61054,https://plantbasedonabudget.com/wp-content/uploads/2023/11/Vegan-Banana-Cake-Plant-Based-on-a-Budget-17.jpg
Easy Baked Pears [Stuffed with Nuts and Fruit],pears    nuts    fruit    maple syrup    pumpkin pie spice,35,1.5,$,dessert    gf,fruit,https://plantbasedonabudget.com/baked-pears/#wprm-recipe-container-23970,https://plantbasedonabudget.com/wp-content/uploads/2024/01/Baked-Pears-Plant-Based-on-a-Budget-8.jpg
Lemon Blueberry Cookies,flaxmeal    water    flour    salt    baking powder    baking salt    vegan butter    sugar    brown sugar    lemons    blueberries    poppy seeds,30,2,$$,desssert,carb    fruit,https://plantbasedonabudget.com/lemon-blueberry-cookies/#wprm-recipe-container-55594,https://plantbasedonabudget.com/wp-content/uploads/2023/05/Lemon-Blueberry-Cookies-14.jpg
Easy Muddy Buddies [Puppy Chow],cereal    chocolate chips    peanut butter    vanilla extract    powdered sugar,17,1.5,$,dessert    snack    gf,carb,https://plantbasedonabudget.com/easy-muddy-buddies-puppy-chow/#wprm-recipe-container-76123,https://plantbasedonabudget.com/wp-content/uploads/2024/11/Vegan-Muddy-Buddies-PBOAB-11.jpg
Vegan Cinnamon Rolls,acv    non-dairy milk    flour    sugar    rapid yeast    plant-based butter    oil    brown sugar    cinnamon    nutmeg    powdered sugar    salt,110,3.5,$$,dessert    breakfast    special occasion,carb,https://plantbasedonabudget.com/easy-muddy-buddies-puppy-chow/#wprm-recipe-container-76123,https://plantbasedonabudget.com/wp-content/uploads/2024/03/Vegan-Cinnamon-Rolls-Plant-Based-on-a-Budget-33.jpg
Lemon Poppy Seed Cake,sugar    oil    lemons    applesauce    vanilla extract    water    flour    baking soda    salt    poppy seeds    vanilla icing,45,2.5,$$,dessert    breakfast,carb,https://plantbasedonabudget.com/lemon-poppy-seed-snack-cake/#wprm-recipe-container-15198,https://plantbasedonabudget.com/wp-content/uploads/2024/03/Lemon-Poppy-Seed-Snack-Cake-12.jpg
Vegan Protein Pancakes,flaxseeds    water    flour    baking powder    salt    non-dairy milk    vanilla protien powder    vanilla extract    oil,20,3,$$,meal    breakfast,carb    protien,https://plantbasedonabudget.com/vegan-protein-pancakes/#wprm-recipe-container-79233,https://plantbasedonabudget.com/wp-content/uploads/2025/01/Protein-Pancakes-Naked-Pea-Plant-Based-on-a-Budget-12.jpg
Ground “Beef” Tofu Recipe,extra-firm tofu    oil    parika    nooch    garlic powder    onion powder    tamari    liquid smoke,10,2,$,meal    side    meal prep    gf,protien,https://thecheaplazyvegan.com/ground-beef-tofu/#recipe,https://thecheaplazyvegan.com/wp-content/uploads/2025/03/Ground-Beef-Tofu-Recipe-02.jpg
Tofu Quesadilla Recipe,tortillas    extra firm tofu    oil    mushrooms    onion    bell pepper    tomato    black salt    vegan butter    avocado    vegan cheese,25,3,$$$,meal    breakfast    special occasion,protien    carb    vegetable,https://thecheaplazyvegan.com/tofu-quesadilla/#recipe,https://thecheaplazyvegan.com/wp-content/uploads/2023/07/Tofu-Quesadilla-Recipe-0-3-1.jpg
Rice Paper Noodles,rice paper    water    oil    garlic cloves    tamari    sugar    baby bok choy    sesame oil    sesame seeds    green onion,10,2.5,$,meal    meal prep    pasta    gf,carb,https://thecheaplazyvegan.com/rice-paper-noodles/#recipe,https://thecheaplazyvegan.com/wp-content/uploads/2023/03/Rice-Paper-Noodles-Recipe0-10-1.jpg.webp
Sesame Tempeh Bowl,tamari    water    sesame oil    brown sugar    rice vinegar    ginger    garlic cloves    sesame seeds    cornstarch    tempeh    green onions    rice    broccoli,20,3,$$,meal    meal prep    gf,protien    carb,https://www.budgetbytes.com/sesame-tempeh-bowls/,https://www.budgetbytes.com/wp-content/uploads/2019/02/Sesame-Tempeh-Plates-V1.jpg
Cowboy Caviar,oil    lime    balsamic vinegar    chilli powder    cumin    salt    black beans    corn    bell pepper    tomatoes    red onion    jalapeño    cilantro,20,2,$,meal    meal prep    salad    gf,vegetable    protien,https://www.budgetbytes.com/cowboy-caviar/,https://www.budgetbytes.com/wp-content/uploads/2022/05/Cowboy-Caviar-V1-1152x1536.jpg